Question url,Count,Votes,Answers
https://stackoverflow.com/questions/70540969/how-to-call-other-classes-object-in-new-class-in-python,1,0,0
https://stackoverflow.com/questions/59633712/groupby-expression-failed-to-translate,0,5,3
https://stackoverflow.com/questions/70540496/detecting-element-inside-a-canvas-and-styling,0,0,1
https://stackoverflow.com/questions/70540324/how-can-i-read-the-servicebus-topic-usermetadata-when-receiving-message-thru-fun,0,0,0
https://stackoverflow.com/questions/70539091/python-reformat-dataframe,0,-1,2
https://stackoverflow.com/questions/70539921/connection-error-with-tidhttp-in-delphi-application-how-to-solve-it,0,1,0
https://stackoverflow.com/questions/70540965/django-lists-of-objects-in-a-template-max-out,1,0,0
https://stackoverflow.com/questions/70540964/how-to-set-on-delete-and-on-update-cascade-in-django,1,0,0
https://stackoverflow.com/questions/70540611/kotlin-js-pretty-print-html-xml,0,0,0
https://stackoverflow.com/questions/70534125/operand-type-mismatch-for-lddqu-with-an-int128-r-destination,0,0,1
https://stackoverflow.com/questions/70540832/python-sql-connecting-to-different-databases,0,1,0
https://stackoverflow.com/questions/70540810/how-to-call-static-method-from-clone-class-typescript,0,0,0
https://stackoverflow.com/questions/70540962/c-sharp-what-is-the-best-way-to-parallelize-form-instances,1,0,0
https://stackoverflow.com/questions/70540772/get-the-last-date-before-an-incident-as-well-as-the-first-date-after-the-incide,0,0,1
https://stackoverflow.com/questions/40755622/how-to-use-session-variable-with-nodejs,0,16,1
https://stackoverflow.com/questions/70540469/dataframe-conditional-drop-duplicate-rows,0,3,5
https://stackoverflow.com/questions/70526941/python-how-to-pass-parameter-from-later-loop-back-to-before-loop-and-outer-loop,0,0,1
https://stackoverflow.com/questions/70540960/how-to-enable-disable-commands-for-certain-roles-not-role-discord-py,1,0,0
https://stackoverflow.com/questions/70540593/can-we-provide-conditionally-bindvalue-in-ng-select,0,0,1
https://stackoverflow.com/questions/70540937/how-to-use-the-return-data-of-axios-that-get-the-link-dynamically-with-useparams,1,0,0
https://stackoverflow.com/questions/70540958/what-do-you-recommend-to-go-first,1,-2,0
https://stackoverflow.com/questions/70531992/unable-to-deploy-ear-into-ibm-websphere9-using-jenkins,0,0,0
https://stackoverflow.com/questions/70540686/how-to-create-a-pie-menu-in-unity-3d-for-switching-weapons,0,1,1
https://stackoverflow.com/questions/70540634/how-to-ensure-that-artifacts-were-tested-on-the-correct-e2e-version,0,0,0
https://stackoverflow.com/questions/4934208/working-offline-with-svn-on-local-machine-temporary,0,36,6
https://stackoverflow.com/questions/70510003/mongodbcompass-not-opening-on-windows-server-2019,0,0,1
https://stackoverflow.com/questions/70540957/how-i-can-include-color-into-my-project-using-vim-putty-c,1,0,0
https://stackoverflow.com/questions/70540726/get-google-authenticator-code-and-pass-to-variable,0,-1,0
https://stackoverflow.com/questions/70540955/how-to-update-make-router-in-shiny-router,1,0,0
https://stackoverflow.com/questions/70392822/connect-sql-server-with-rstudio-and-access-data-in-the-environment,0,0,1
https://stackoverflow.com/questions/70540561/remove-time-from-date-time-in-query,0,0,3
https://stackoverflow.com/questions/70539711/in-gurobipy-var-object-is-not-iterable,0,0,1
https://stackoverflow.com/questions/70540574/windows-cmd-prompt-progress-bar-how-do-i-inject-my-cmd-scripts-into-my-progres,0,-1,0
https://stackoverflow.com/questions/70540514/how-to-use-python-to-filter-list-based-on-the-next-requirements,0,3,3
https://stackoverflow.com/questions/70540951/i-am-trying-to-solve-an-equation-with-multiple-variables-for-b-sympy,1,0,0
https://stackoverflow.com/questions/61610474/google-ads-report-to-google-data-studio,0,-1,0
https://stackoverflow.com/questions/70540580/query-a-collection-to-check-if-one-map-object-exists-and-other-doesnt-exist-on,0,0,1
https://stackoverflow.com/questions/70540789/awk-populating-an-empty-column-with-awk-and-sed-is-not-working,0,0,2
https://stackoverflow.com/questions/70540912/how-to-serach-a-value-in-mysql-column-column-have-multiple-values-seprated-by-c,1,-2,1
https://stackoverflow.com/questions/70456593/statement-and-function-not-covered-when-testing-a-method-that-calls-a-http-servi,0,0,0
https://stackoverflow.com/questions/70121434/skadnetwork-using-firebase-sdk-and-firebase-analytics,0,0,1
https://stackoverflow.com/questions/70540635/how-to-import-databricks-mount-using-terraform,0,1,0
https://stackoverflow.com/questions/70489486/own-application-use-zigbee2mqtt-and-homeassistant-concurrent-access,0,0,1
https://stackoverflow.com/questions/70524236/find-the-exact-digits-in-a-word-document,0,0,3
https://stackoverflow.com/questions/60270081/valueerror-cannot-reindex-from-a-duplicate-axis-in-groupby-pandas,0,5,3
https://stackoverflow.com/questions/70540941/image-preparation-for-deep-learning,1,0,0
https://stackoverflow.com/questions/70540940/how-to-set-a-script-which-will-give-me-data-from-700am-1100am-daily-for-10da,1,0,0
https://stackoverflow.com/questions/70540781/typescript-reactive-forms-patchvalue-not-working-with-private-properties-and-ge,0,0,0
https://stackoverflow.com/questions/70540938/rasa-complementary-projects,1,0,0
https://stackoverflow.com/questions/70531087/python-automatically-change-string-to-set-in-intersection-method-of-set,0,4,3
https://stackoverflow.com/questions/70541004/xamarin-maui-invalid-file-name-it-only-can-contain-letters-and-other-caract,1,0,0
https://stackoverflow.com/questions/70541003/how-do-i-deal-with-this-dependency-injection-error,1,0,0
https://stackoverflow.com/questions/70541002/url-parameter-with-react-router,1,0,0
https://stackoverflow.com/questions/70541001/nativescript-vue-navigation-frame-not-working,1,0,0
https://stackoverflow.com/questions/70540997/create-a-sql-synchronization-group-is-it-possible,1,0,0
https://stackoverflow.com/questions/70540996/simple-incrementing-of-tcp-sequence-number-and-assigning-it-to-sending-tcp-heade,1,0,0
https://stackoverflow.com/questions/70540995/flutter-facebook-login-issue-with-http-status-error-500,1,0,0
https://stackoverflow.com/questions/70540994/build-vs-code-with-classic-executable-separate-app-on-taskbar-and-my-own-icon,1,0,0
https://stackoverflow.com/questions/70540993/0xc000007b-in-gta-v-and-epic-games,1,0,0
https://stackoverflow.com/questions/70540990/webpack-require-context-is-not-a-function,1,0,0
https://stackoverflow.com/questions/70540988/how-to-copy-session-cookie-values-from-firefox-to-google-chrome,1,0,0
https://stackoverflow.com/questions/70540986/how-to-display-points-in-devextreme-charts,1,0,0
https://stackoverflow.com/questions/70540984/react-async-await-not-working-with-function-component,1,0,0
https://stackoverflow.com/questions/70540982/add-datetimefield-to-existing-django-model,1,0,0
https://stackoverflow.com/questions/70540980/how-to-make-self-defined-particle-effect-in-xcode-13,1,0,0
https://stackoverflow.com/questions/70540979/how-to-request-a-json-file-from-an-api-using-a-list-of-lists-instead-of-a-list-o,1,0,0
https://stackoverflow.com/questions/70540978/python-trouble-1,1,-1,0
https://stackoverflow.com/questions/70540974/how-to-get-a-refresh-token-with-react-google-login,1,0,0
https://stackoverflow.com/questions/70540972/how-to-pass-table-column-in-rand-function-of-spark-sql,1,0,0
https://stackoverflow.com/questions/70540970/keep-keyboard-visible-in-onresume-mode-in-xamarin-forms,1,0,0
https://stackoverflow.com/questions/70540936/php-built-in-webserver-works-for-docker-run-but-not-in-docker-compose,1,0,0
https://stackoverflow.com/questions/70540934/flutter-how-to-get-places-with-autocomplate-on-google-map-with-nullsafety,1,0,0
https://stackoverflow.com/questions/70540933/how-to-draw-straight-eyebrows-in-turtle-python,1,1,0
https://stackoverflow.com/questions/70540930/nginx-redirecting-from-1-domain-to-2-different-ips,1,0,0
https://stackoverflow.com/questions/70540928/the-error-in-that-show-from-the-datatable-query,1,0,0
https://stackoverflow.com/questions/70540925/react-children-does-not-display-children,1,1,0
https://stackoverflow.com/questions/70540924/how-to-generate-dynamic-tab-based-on-api-data-in-angular,1,0,0
https://stackoverflow.com/questions/70540922/interpolate-values-at-3d-coordinates,1,1,0
https://stackoverflow.com/questions/70540919/cant-access-jaspersever-login-page-the-origin-server-did-not-find-a-current-re,1,0,0
https://stackoverflow.com/questions/70540917/sharepoint-how-can-i-add-attachments-using-javascript,1,0,0
https://stackoverflow.com/questions/70540916/change-google-maps-marker-after-click-event-in-react,1,0,0
https://stackoverflow.com/questions/70540914/problem-with-build-relation-has-many-through-rails,1,0,0
https://stackoverflow.com/questions/70540911/unable-to-send-post-request-using-htmx-django,1,0,0
https://stackoverflow.com/questions/70540910/count-returns-the-total-number-of-rows-in-the-grouped-table,1,0,1
https://stackoverflow.com/questions/70540908/why-my-focus-is-not-working-properly-it-only-works-for-active,1,0,0
https://stackoverflow.com/questions/70540907/writing-an-excel-formula-as-a-pandas-series-does-not-hold-any-result,1,1,0
https://stackoverflow.com/questions/70540892/how-to-read-an-emails-message-body-using-the-imap-message-emersion-go-imap,0,0,0
https://stackoverflow.com/questions/70540891/flutter-inapp-purcahse-initialize-crashing-app,0,0,0
https://stackoverflow.com/questions/70516100/no-matching-definition-was-found-for-family-nameicons-blank-theme,0,0,1
https://stackoverflow.com/questions/70540890/how-to-convert-file-to-base64-format-in-flutter-web,0,0,0
https://stackoverflow.com/questions/70482770/designing-a-better-data-model-for-flutter-project,0,0,0
https://stackoverflow.com/questions/70471764/should-i-use-objectbox-in-a-separate-isolate-so-as-not-to-block-ui-thread,0,0,1
https://stackoverflow.com/questions/70467559/django-using-template-input-data-to-create-new-objects,0,0,1
https://stackoverflow.com/questions/70401453/is-it-possible-to-run-a-sql-query-when-azure-vm-starts,0,0,1
https://stackoverflow.com/questions/70516695/how-to-detect-one-line-in-dataset-with-python,0,0,1
https://stackoverflow.com/questions/70540293/making-titles-of-cards-have-same-height,0,0,2
https://stackoverflow.com/questions/70540883/viewpager-delete-item,0,0,0
https://stackoverflow.com/questions/50777333/react-hide-a-component-on-a-specific-route,0,23,5
https://stackoverflow.com/questions/70535972/transform-columns-in-array-from-json,0,-1,1
https://stackoverflow.com/questions/29853579/do-you-need-to-sort-inputs-for-dynamic-programming-knapsack,0,13,5
https://stackoverflow.com/questions/70540827/how-to-create-a-button-that-generate-a-pdf-file-from-division-and-then-share-it,0,0,0
https://stackoverflow.com/questions/70540830/how-to-fade-in-out-text-images,0,0,1
https://stackoverflow.com/questions/67680602/issues-while-enabling-ssl-on-aws-lightsail-load-balancer-and-custom-dns-cloudfla,0,0,1
https://stackoverflow.com/questions/70540572/section-wise-page-break-in-jspdf,0,0,0
https://stackoverflow.com/questions/70540874/parseexpection-no-viable-alternative-at-input,0,0,0
https://stackoverflow.com/questions/70540872/ansible-group-vars-multistage-setup-alway-override-with-last-group-vars-value,0,0,0
https://stackoverflow.com/questions/53606471/how-can-i-print-the-following-pattern-using-nested-for-loops-in-java,0,-5,3
https://stackoverflow.com/questions/70538011/filter-a-dataframe-using-a-subset-of-it-and-two-specific-fields-in-spark-scala,0,0,1
https://stackoverflow.com/questions/70540573/can-xampp-run-on-a-2gb-32-bit-laptop-using-intel-atom,0,-1,0
https://stackoverflow.com/questions/70540793/stream-api-how-to-return-map-of-unique-task-name-average-result,0,0,1
https://stackoverflow.com/questions/70540220/how-to-store-char-dynamicly-in-a-c-loop,0,-1,2
https://stackoverflow.com/questions/70540867/github-actions-maven-test-failing-after-push,0,0,0
https://stackoverflow.com/questions/70532024/vertical-triangle-css,0,-2,1
https://stackoverflow.com/questions/8660203/how-to-check-for-is-not-null-and-is-not-empty-string-in-sql-server,0,273,9
https://stackoverflow.com/questions/70411771/problem-with-py-stringmatching-generalizedjaccard,0,1,1
https://stackoverflow.com/questions/70540337/loop-to-split-a-large-dataframe-to-small-dataframes,0,0,3
https://stackoverflow.com/questions/70529795/typescript-narrowing-in-while-loops,0,1,1
https://stackoverflow.com/questions/70540647/how-to-join-tables-in-an-union-based-query-in-stored-procedure,0,-1,0
https://stackoverflow.com/questions/70536210/unexpected-behavior-when-using-tailwind-and-mui-in-nextjs-project-white-button,0,0,2
https://stackoverflow.com/questions/4145533/missing-debugging-symbols-in-pthread-library,0,4,2
https://stackoverflow.com/questions/70528370/can-odr-violation-be-avoided-by-using-hidden-visibility,0,5,2
https://stackoverflow.com/questions/70535809/erros-cors-with-nestjs,0,-1,1
https://stackoverflow.com/questions/70533970/power-bi-count-rows-for-all-tables-in-one-measure,0,0,1
https://stackoverflow.com/questions/70540856/bug-when-trying-to-login-to-api-laravel-using-react,0,0,0
https://stackoverflow.com/questions/70540855/caching-mechanism-is-not-storing-data-in-redis,0,1,0
https://stackoverflow.com/questions/70540854/event-sourcing-with-credit-transaction-if-not-accept-to-lack-of-credit,0,0,0
https://stackoverflow.com/questions/70540853/is-there-a-performance-advantage-to-using-parameterised-data-types,0,0,0
https://stackoverflow.com/questions/70539928/webgl-doesnt-show-colors,0,0,0
https://stackoverflow.com/questions/70540851/how-to-get-the-data-used-to-calculate-oob-score,0,0,0
https://stackoverflow.com/questions/70507451/azure-appservice-runtime-stacks,0,1,1
https://stackoverflow.com/questions/70540849/how-to-redirect-my-custom-exception-to-error-page-in-asp-net-core-razor-pages,0,0,0
https://stackoverflow.com/questions/70540848/how-to-use-api-in-c-program,0,-3,0
https://stackoverflow.com/questions/24794377/how-do-i-capture-searchviews-clear-button-click,0,81,11
https://stackoverflow.com/questions/70540224/how-to-annotate-django-models-with-most-recent-generic-relation,0,0,0
https://stackoverflow.com/questions/70540846/xsd-to-java-conversion,0,-1,0
https://stackoverflow.com/questions/70531704/print-a-page-with-details-from-json-file-in-vue,0,0,1
https://stackoverflow.com/questions/70540862/extract-element-from-a-dictionary-and-create-a-dataframe,0,-1,4
https://stackoverflow.com/questions/70539861/usestate-error-invalid-hook-call-hooks-can-only-be-called-inside-of-the-body-o,0,0,0
https://stackoverflow.com/questions/70524281/is-it-possible-to-read-a-file-using-sparksession-object-of-scala-language-on-win,0,0,1
https://stackoverflow.com/questions/70535432/scala-in-intellij-cannot-find-my-function-definition,0,0,1
https://stackoverflow.com/questions/70540516/how-to-deal-with-data-structure-changes-when-performing-a-full-historical-data-l,0,0,1
https://stackoverflow.com/questions/70534157/cypress-extract-value-from-xml-response,0,0,1
https://stackoverflow.com/questions/67393769/tensorflow-io-bigquery-returns-empty-update-opiobigqueryreadsession-erro,0,0,1
https://stackoverflow.com/questions/70540477/return-previous-row-value-based-on-id-column-to-find-differences-between-curre,0,0,1
https://stackoverflow.com/questions/70540791/how-to-modify-value-of-a-property-in-a-json-text-in-c,0,0,1
https://stackoverflow.com/questions/70536686/react-bootstrap-breadcrumbs-throwing-invalid-hook-call-error,0,1,1
https://stackoverflow.com/questions/70540618/react-on-and-off-highlight,0,0,2
https://stackoverflow.com/questions/70537292/regex-allow-only-uppercase-extended-ascii,0,0,2
https://stackoverflow.com/questions/1354084/real-time-pitch-detection,0,27,12
https://stackoverflow.com/questions/62786636/keras-learningratescheduler-isnt-executing-due-to-an-output-type-error,0,1,2
https://stackoverflow.com/questions/70538249/disallow-character-in-html5-input-field,0,0,1
https://stackoverflow.com/questions/70539708/netty-decoding-failed-defaultfullhttprequest,0,0,0
https://stackoverflow.com/questions/70524363/spring-can-not-pick-a-jparepository-that-extends-a-generic-interface,0,0,1
https://stackoverflow.com/questions/66836164/how-can-one-return-data-from-a-pl-sql-block-in-an-oracle-rest-api-resource-templ,0,0,0
https://stackoverflow.com/questions/70540803/how-to-find-the-log-file-inside-a-docker-container,0,0,1
https://stackoverflow.com/questions/70532197/how-to-get-particular-data-from-column-of-table-in-matlab,0,0,1
https://stackoverflow.com/questions/67190626/why-are-aws-cli-not-working-from-behind-a-ipv6-address,0,0,2
https://stackoverflow.com/questions/70539896/run-a-shell-script-on-pc-shutdown-while-network-is-still-up-or-set-delay-in-netw,0,1,1
https://stackoverflow.com/questions/70437684/how-to-get-overall-error-status-on-material-ui-datagrid,0,0,1
https://stackoverflow.com/questions/70521698/classification-model-im-trying-to-fit-just-the-last-fc-og-vgg16-pretrained-mod,0,0,0
https://stackoverflow.com/questions/70516739/how-to-configure-port-mapping-for-replicated-containers-in-docker-compose,0,0,1
https://stackoverflow.com/questions/70540869/how-i-am-scan-mem-private-and-mem-reserve-memory-block,0,0,0
https://stackoverflow.com/questions/70540865/react-adding-elements-to-array-inside-another-array,0,0,1
https://stackoverflow.com/questions/70537607/donchian-low-in-the-ttr-is-incorrect-plot,0,1,1
https://stackoverflow.com/questions/70540731/making-the-upper-part-of-a-site-sticky-with-css-and-html,0,0,3
https://stackoverflow.com/questions/70540875/error-call-to-undefined-method-get-in-phpunit-symfony,0,0,0
https://stackoverflow.com/questions/63492211/no-firebase-app-default-has-been-created-call-firebase-initializeapp-in,0,334,19
https://stackoverflow.com/questions/70540857/compile-pyx-module-in-python-process-without-calling-setup-py-install,0,0,0
https://stackoverflow.com/questions/38841109/csrf-validation-does-not-work-on-django-using-https,0,16,4
https://stackoverflow.com/questions/52244179/deploy-firebase-cloud-functions-across-multiple-regions,0,7,2
https://stackoverflow.com/questions/70540543/react-navigation-rendering-inside-protected-routes,0,0,0
https://stackoverflow.com/questions/70538615/query-wikidata-using-wikipedia-categories,0,0,1
https://stackoverflow.com/questions/1905607/cannot-issue-data-manipulation-statements-with-executequery,0,114,11
https://stackoverflow.com/questions/70540181/how-to-add-header-to-multiple-recyclerview-in-android-kotlin,0,0,1
https://stackoverflow.com/questions/70538459/how-can-listen-to-http-and-https-requests-with-julia,0,1,2
https://stackoverflow.com/questions/70485916/does-jpa-framework-save-one-to-many-relationship-automatically,0,0,1
https://stackoverflow.com/questions/70540877/get-retry-time-from-logs-table-using-sql,0,0,1
https://stackoverflow.com/questions/70540868/azuretable-with-powershell-cannot-find-an-overload-for-executequery-and-the,0,0,0
https://stackoverflow.com/questions/70526120/fastest-way-to-copy-sign-value-among-68k-data-registers-branchless-conditional,0,0,1
https://stackoverflow.com/questions/70539754/how-to-set-view-on-top-of-another-view-having-just-borders-in-react-native,0,0,2
https://stackoverflow.com/questions/70540706/python-substring-in-string-when-parts-of-the-substring-is-not-consequential,0,0,3
https://stackoverflow.com/questions/70539674/train-neural-network-model-on-multiple-datasets,0,0,1
https://stackoverflow.com/questions/35376448/php-mysql-filtered-pagination-results-doesnt-work-on-next-pages,0,1,2
https://stackoverflow.com/questions/70538638/sign-in-controller-getting-invoked-in-infinite-loop-for-my-spring-boot-applicati,0,0,0
https://stackoverflow.com/questions/70537472/jenkinsfile-pipeline-job-stuck-at-input-step,0,1,1
https://stackoverflow.com/questions/70516681/prevent-r-script-from-finishing-when-scheduling-fixed-delay-executor,0,1,1
https://stackoverflow.com/questions/54597458/h2-oracle-liquibase-org-h2-jdbc-jdbcsqlexception-table-all-sequences-no,0,3,2
https://stackoverflow.com/questions/70511837/fabric-js-draw-measurement-line-with-editable-text,0,-1,0
https://stackoverflow.com/questions/70540583/a-reasonable-way-to-design-this-dynamodb-schema,0,0,1
https://stackoverflow.com/questions/70539167/should-i-check-tcpclient-connect-status-with-poll-or-writing-zero-bytes,0,0,1
https://stackoverflow.com/questions/70540903/first-letter-initial-label-in-javascript,0,-1,0
https://stackoverflow.com/questions/70540773/even-though-its-a-class-why-is-attributeerror-function-object-has-no-attribut,0,1,1
https://stackoverflow.com/questions/70540399/passing-parameters-to-reduce-function,0,1,2
https://stackoverflow.com/questions/70540900/finding-clusters-in-a-picture-opencv-python,0,1,0
https://stackoverflow.com/questions/55003789/python-call-callback-after-async-function-is-done,0,4,4
https://stackoverflow.com/questions/70540713/getting-syntax-error-for-regex-while-trying-to-put-a-maskepression-for-my-texted,0,0,1
https://stackoverflow.com/questions/70536093/regex-that-accepts-only-three-specific-letters-a-hyphen-6-or-9-then-numbers,0,0,2
https://stackoverflow.com/questions/70540895/webpack-5-dev-server-proxy-seems-to-be-ignored,0,0,0
https://stackoverflow.com/questions/62047791/logitech-script-1st-and-2nd-click-events-with-time-reset,0,0,2
https://stackoverflow.com/questions/70540893/auraclientinputexception-from-server-unexpected-request-input-expected-input-fo,0,0,0
